period,MSPE,R2,skill
ALL months,2748.95918556947,0.756621721530321,0.309094629192383
May,3000.99820664473,0.811431420412551,-0.171464683984322
