period,MSPE,R2,skill
ALL months,4698.8776403695,0.600361518260184,-0.180985085388446
May,4612.54124985155,0.688261664838118,-0.800543954227585
