period,MSPE,R2,skill
ALL months,4254.47758132032,0.640942968467631,-0.0692924894430116
May,3538.25431099984,0.759100192884478,-0.381187086054889
