period,MSPE,R2,skill
ALL months,2538.27316495864,0.746314992806795,0.362047071687068
May,1866.86527838657,0.850750412986105,0.271253565382313
