period,MSPE,R2,skill
ALL months,5946.50767403799,0.526138858568993,-0.494556234631929
May,6007.00907983796,0.613206773327508,-1.344886104171
