period,MSPE,R2,skill
ALL months,39.5026795045029,0.995965881577512,0.990071655638169
May,43.8954823923587,0.996452883712779,0.982865032276512
