period,MSPE,R2,skill
ALL months,5946.50767403799,0.526138858569003,-0.49455623463193
May,6007.00907983796,0.613206773327503,-1.344886104171
