period,MSPE,R2,skill
ALL months,5779.85973027535,0.530030761192968,-0.452672033518992
May,4690.32142790369,0.696760919215222,-0.830906095564539
