period,MSPE,R2,skill
ALL months,998.437858284234,0.854036248872105,0.749059177623501
May,NA,NA,NA
