period,MSPE,R2,skill
ALL months,2294.4361790208,0.756095277531428,0.423331460364194
May,1116.8775241443,0.91346221241845,0.564017541572032
