period,MSPE,R2,skill
ALL months,4859.68523789543,0.5858155354512,-0.221401412186081
May,5040.35567511036,0.658161372407955,-0.967544883911605
