period,MSPE,R2,skill
ALL months,4698.87764036951,0.600361518260198,-0.180985085388448
May,4612.54124985155,0.688261664838112,-0.800543954227583
