period,MSPE,R2,skill
ALL months,5695.21282591496,0.538143488288858,-0.431397435790571
May,4995.14934969532,0.66684759406718,-0.949898217679293
