period,MSPE,R2,skill
ALL months,1095.24725464978,0.837374210802164,0.724727738930373
May,NA,NA,NA
