period,MSPE,R2,skill
ALL months,4859.68523789542,0.585815535451196,-0.22140141218608
May,5040.35567511036,0.658161372407958,-0.967544883911607
