period,MSPE,R2,skill
ALL months,2305.35400013381,0.758822135947991,0.420587446817505
May,1209.46395415731,0.90902212906937,0.527875656269909
