period,MSPE,R2,skill
ALL months,4254.47758132032,0.640942968467609,-0.0692924894430116
May,3538.25431099984,0.759100192884473,-0.381187086054891
