period,MSPE,R2,skill
ALL months,6299.26421046816,0.455542212182104,-0.583215748707839
May,5163.40041442201,0.326023624182002,-1.01557642432855
