period,MSPE,R2,skill
ALL months,6535.18192240968,0.470755671929839,-0.642509759002603
May,5856.5223715422,0.341402314124114,-1.286142362243
