period,MSPE,R2,skill
ALL months,6299.26421046815,0.455542212182107,-0.583215748707839
May,5163.400414422,0.326023624182003,-1.01557642432855
