period,MSPE,R2,skill
ALL months,7424.82902293217,0.419922096645295,-0.866107825900452
May,5781.52824391421,0.316046623066266,-1.25686777893006
