period,MSPE,R2,skill
ALL months,5116.22141492799,0.538708677260428,-0.285877532256789
May,4944.83578085921,0.631697620093744,-0.930257896373464
