period,MSPE,R2,skill
ALL months,2252.29427303458,0.786861836619848,0.433923130598803
May,1880.45886182752,0.857810377028962,0.265947196689852
