period,MSPE,R2,skill
ALL months,3978.77813911931,0.651837479018542,0
May,2561.74876432288,0.832240196787844,0
